{"text": "BGM\u9589\u3056\u3055\u308c\u305f\u306e\u60c5\u306e\u524d\u3067\u624b\u9996\u306e\u7a7a\u3092\u5e2f\u3073\u304c\u63fa\u308c\u3066\u308b\u5de6\u624b\u306f\u52d5\u304b\u306a\u3044\u305d\u308c\u3067\u3082\u305f\u3060\u306b\u306e\u4e0a\u306b\u305f\u3064\u7406\u7531\u304c\u3042\u308b\u89e6\u308c\u308c\u3070\u5206\u304b\u308b\u547c\u5438\u306e\u5618\u3092\u51fa\u305f\u8005\u8aad\u3081\u306a\u3044\u3053\u306e\u4e00\u5207 \u30b7\u30f3\u30d0\u30fc\u623b\u3057\u305f\u624b \u6d41\u308c\u304c\u59cb\u307e\u308b\u611b\u304c\u53eb\u3076\u30a8\u30ed\u30fc \u30a8\u30ed\u30fc \u58ca\u308c\u305f\u4f53\u3067\u5b8c\u74a7\u3092\u8d85\u3048\u308d\u58f0\u304c\u4ffa\u3092\u624b\u8853\u3060\u541b\u306e\u8fbc\u307f\u3057\u305f\u5e7c\u3057\u307f\u304c\u9003\u3052\u305f\u3093\u3060\u3068\u7b11\u3046\u5e2b\u5320\u306e\u5f71\u3092\u8ffd\u3044\u304b\u3051\u3066\u3044\u3064\u304b\u81ea\u5206\u306e\u6d77\u3092\u898b\u308b\u4eca\u3082\u306e\u4e0b\u3067\u6e26\u304c\u76ee\u899a\u3081\u308b\u4e88\u6e2c\u306e\u540d\u3092\u4e00\u77ac\u306b\u99c6\u3051\u308d\u4e0d\u5b8c\u5168\u306a\u307e\u307e\u4e16\u754c\u306e\u4e0a\u3067\u6d41\u308c\u308b\u6c34\u306f\u6b62\u307e\u3089\u306a\u3044\u6b4c\u8a5e\u30fb\u4f5c\u66f2\u30fb\u7de8\u66f2\u30fb\u7de8\u66f2\u30fb\u7de8\u66f2\u30fb\u7de8\u66f2\u30fb\u7de8\u66f2\u30fb\u7de8\u66f2\u30fb\u7de8\u66f2\u30fb\u7de8\u66f2\u30fb\u7de8\u66f2\u30fb\u7de8\u66f2\u30fb\u7de8\u66f2\u30fb\u7de8\u66f2\u30fb\u7de8\u66f2\u30fb\u7de8\u66f2\u30fb\u7de8\u66f2\u30fb\u7de8\u66f2\u30fb\u7de8\u66f2\u30fb\u7de8\u66f2\u30fb\u7de8\u66f2\u30fb\u7de8\u66f2\u30fb\u7de8\u66f2\u30fb\u7de8\u66f2\u30fb\u7de8\u66f2\u30fb\u7de8\u66f2\u30fb\u7de8\u66f2\u30fb\u7de8\u66f2\u30fb\u7de8\u66f2\u30fb\u7de8\u66f2\u30fb\u7de8\u66f2\u30fb\u7de8\u66f2\u30fb\u7de8\u66f2\u30fb\u7de8\u66f2\u30fb\u7de8\u66f2\u30fb\u7de8\u66f2\u30fb\u7de8\u66f2\u30fb\u7de8\u66f2\u30fb\u7de8\u66f2\u30fb\u7de8\u66f2\u30fb\u7de8\u66f2\u30fb\u7de8\u66f2\u30fb\u7de8\u66f2\u30fb\u7de8\u66f2\u30fb\u7de8\u66f2\u30fb\u7de8\u66f2\u30fb\u7de8\u66f2\u30fb\u7de8\u66f2\u30fb\u7de8\u66f2\u30fb\u7de8\u66f2\u30fb\u7de8\u66f2\u30fb\u7de8\u66f2\u30fb\u7de8\u66f2\u30fb\u7de8\u66f2\u30fb\u7de8\u66f2\u30fb\u7de8", "segments": [{"id": 0, "seek": 0, "start": 0.0, "end": 5.5, "text": "BGM", "tokens": [50364, 33, 25152, 50639], "temperature": 0.4, "avg_logprob": -0.3910114617995274, "compression_ratio": 1.2298136645962734, "no_speech_prob": 0.5518174171447754}, {"id": 1, "seek": 0, "start": 5.5, "end": 8.0, "text": "\u9589\u3056\u3055\u308c\u305f\u306e\u60c5\u306e\u524d\u3067", "tokens": [50639, 5196, 231, 16731, 6722, 35478, 2972, 10570, 2972, 8945, 2474, 50764], "temperature": 0.4, "avg_logprob": -0.3910114617995274, "compression_ratio": 1.2298136645962734, "no_speech_prob": 0.5518174171447754}, {"id": 2, "seek": 0, "start": 8.0, "end": 11.0, "text": "\u624b\u9996\u306e\u7a7a\u3092\u5e2f\u3073\u304c\u63fa\u308c\u3066\u308b", "tokens": [50764, 11389, 25444, 2972, 23322, 5998, 4845, 107, 38761, 5142, 11673, 118, 26638, 4895, 50914], "temperature": 0.4, "avg_logprob": -0.3910114617995274, "compression_ratio": 1.2298136645962734, "no_speech_prob": 0.5518174171447754}, {"id": 3, "seek": 0, "start": 11.0, "end": 14.0, "text": "\u5de6\u624b\u306f\u52d5\u304b\u306a\u3044\u305d\u308c\u3067\u3082", "tokens": [50914, 21975, 11389, 3065, 12572, 3703, 9311, 13873, 17783, 51064], "temperature": 0.4, "avg_logprob": -0.3910114617995274, "compression_ratio": 1.2298136645962734, "no_speech_prob": 0.5518174171447754}, {"id": 4, "seek": 0, "start": 14.0, "end": 17.0, "text": "\u305f\u3060\u306b\u306e\u4e0a\u306b\u305f\u3064\u7406\u7531\u304c\u3042\u308b", "tokens": [51064, 44519, 4108, 2972, 5708, 4108, 3368, 9335, 13876, 23786, 5142, 24719, 51214], "temperature": 0.4, "avg_logprob": -0.3910114617995274, "compression_ratio": 1.2298136645962734, "no_speech_prob": 0.5518174171447754}, {"id": 5, "seek": 0, "start": 17.0, "end": 22.5, "text": "\u89e6\u308c\u308c\u3070\u5206\u304b\u308b\u547c\u5438\u306e\u5618\u3092", "tokens": [51214, 6758, 99, 4132, 4132, 13349, 6627, 3703, 4895, 38718, 46431, 2972, 10756, 246, 5998, 51489], "temperature": 0.4, "avg_logprob": -0.3910114617995274, "compression_ratio": 1.2298136645962734, "no_speech_prob": 0.5518174171447754}, {"id": 6, "seek": 0, "start": 22.5, "end": 26.0, "text": "\u51fa\u305f\u8005\u8aad\u3081\u306a\u3044", "tokens": [51489, 7781, 3368, 12444, 3549, 255, 11429, 9311, 51664], "temperature": 0.4, "avg_logprob": -0.3910114617995274, "compression_ratio": 1.2298136645962734, "no_speech_prob": 0.5518174171447754}, {"id": 7, "seek": 2600, "start": 26.0, "end": 29.0, "text": "\u3053\u306e\u4e00\u5207 \u30b7\u30f3\u30d0\u30fc", "tokens": [50364, 13303, 2257, 23632, 220, 11054, 14121, 238, 3384, 50514], "temperature": 0.0, "avg_logprob": -0.33206900572165465, "compression_ratio": 1.186206896551724, "no_speech_prob": 0.10501869022846222}, {"id": 8, "seek": 2600, "start": 29.0, "end": 34.0, "text": "\u623b\u3057\u305f\u624b \u6d41\u308c\u304c\u59cb\u307e\u308b", "tokens": [50514, 1486, 119, 8533, 11389, 220, 27854, 4132, 5142, 15476, 2889, 4895, 50764], "temperature": 0.0, "avg_logprob": -0.33206900572165465, "compression_ratio": 1.186206896551724, "no_speech_prob": 0.10501869022846222}, {"id": 9, "seek": 2600, "start": 34.0, "end": 38.0, "text": "\u611b\u304c\u53eb\u3076", "tokens": [50764, 15157, 5142, 19855, 23441, 50964], "temperature": 0.0, "avg_logprob": -0.33206900572165465, "compression_ratio": 1.186206896551724, "no_speech_prob": 0.10501869022846222}, {"id": 10, "seek": 2600, "start": 38.0, "end": 42.0, "text": "\u30a8\u30ed\u30fc \u30a8\u30ed\u30fc \u58ca\u308c\u305f\u4f53\u3067", "tokens": [50964, 26215, 17164, 3384, 220, 26215, 17164, 3384, 220, 12829, 232, 35478, 29485, 2474, 51164], "temperature": 0.0, "avg_logprob": -0.33206900572165465, "compression_ratio": 1.186206896551724, "no_speech_prob": 0.10501869022846222}, {"id": 11, "seek": 2600, "start": 42.0, "end": 45.0, "text": "\u5b8c\u74a7\u3092\u8d85\u3048\u308d", "tokens": [51164, 14128, 40063, 100, 5998, 19869, 6474, 12488, 51314], "temperature": 0.0, "avg_logprob": -0.33206900572165465, "compression_ratio": 1.186206896551724, "no_speech_prob": 0.10501869022846222}, {"id": 12, "seek": 2600, "start": 45.0, "end": 50.0, "text": "\u58f0\u304c\u4ffa\u3092\u624b\u8853\u3060", "tokens": [51314, 32045, 5142, 37334, 5998, 11389, 9890, 241, 5362, 51564], "temperature": 0.0, "avg_logprob": -0.33206900572165465, "compression_ratio": 1.186206896551724, "no_speech_prob": 0.10501869022846222}, {"id": 13, "seek": 2600, "start": 51.5, "end": 54.5, "text": "\u541b\u306e\u8fbc\u307f\u3057\u305f\u5e7c\u3057\u307f\u304c", "tokens": [51639, 24168, 2972, 9830, 120, 11362, 8533, 3509, 120, 2849, 11362, 5142, 51789], "temperature": 0.0, "avg_logprob": -0.33206900572165465, "compression_ratio": 1.186206896551724, "no_speech_prob": 0.10501869022846222}, {"id": 14, "seek": 5450, "start": 54.5, "end": 56.5, "text": "\u9003\u3052\u305f\u3093\u3060\u3068\u7b11\u3046", "tokens": [50364, 2215, 225, 26012, 3368, 26983, 3193, 11600, 2646, 50464], "temperature": 0.0, "avg_logprob": -0.24611694254773728, "compression_ratio": 1.2603550295857988, "no_speech_prob": 0.008729186840355396}, {"id": 15, "seek": 5450, "start": 56.5, "end": 59.5, "text": "\u5e2b\u5320\u306e\u5f71\u3092\u8ffd\u3044\u304b\u3051\u3066", "tokens": [50464, 16276, 9937, 254, 2972, 16820, 5998, 39947, 1764, 3703, 39736, 50614], "temperature": 0.0, "avg_logprob": -0.24611694254773728, "compression_ratio": 1.2603550295857988, "no_speech_prob": 0.008729186840355396}, {"id": 16, "seek": 5450, "start": 59.5, "end": 62.5, "text": "\u3044\u3064\u304b\u81ea\u5206\u306e\u6d77\u3092\u898b\u308b", "tokens": [50614, 40162, 3703, 9722, 6627, 2972, 20078, 5998, 10470, 4895, 50764], "temperature": 0.0, "avg_logprob": -0.24611694254773728, "compression_ratio": 1.2603550295857988, "no_speech_prob": 0.008729186840355396}, {"id": 17, "seek": 5450, "start": 62.5, "end": 65.0, "text": "\u4eca\u3082\u306e\u4e0b\u3067",